Date,Week Day,Arrival Time,arrival_minutes_after_noon,order,day_of_week,Weather_light rain,Weather_overcast,Weather_sunny,temperature_2m,apparent_temperature,precipitation,wind_speed_10m,relative_humidity_2m,cloud_cover
2024/10/7,Monday,12:51:00,51,1,0,TRUE,FALSE,FALSE,14.3,13.6,0.6,12.3,95,100
2024/10/7,Monday,12:57:00,57,2,0,TRUE,FALSE,FALSE,14.3,13.6,0.6,12.3,95,100
2024/10/7,Monday,14:25:00,145,3,0,TRUE,FALSE,FALSE,14.8,15.9,0,2.3,97,100
2024/10/7,Monday,14:38:00,158,4,0,TRUE,FALSE,FALSE,14.8,15.9,0,2.3,97,100
2024/10/7,Monday,15:27:00,207,5,0,TRUE,FALSE,FALSE,15.7,16.8,0,3.3,95,100
2024/10/7,Monday,15:35:00,215,6,0,TRUE,FALSE,FALSE,15.7,16.8,0,3.3,95,100
2024/10/7,Monday,16:01:00,241,7,0,TRUE,FALSE,FALSE,15.9,17.1,0,3.7,95,100
2024/10/7,Monday,16:36:00,276,8,0,TRUE,FALSE,FALSE,15.9,17.1,0,3.7,95,100
2024/10/7,Monday,16:39:00,279,9,0,TRUE,FALSE,FALSE,15.9,17.1,0,3.7,95,100
2024/10/7,Monday,17:09:00,309,10,0,TRUE,FALSE,FALSE,15.5,16.1,0,5.4,92,100
2024/10/8,Tuesday,12:11:00,11,1,1,FALSE,FALSE,TRUE,18,14.2,0,17.5,33,0
2024/10/8,Tuesday,12:41:00,41,2,1,FALSE,FALSE,TRUE,18,14.2,0,17.5,33,0
2024/10/8,Tuesday,12:57:00,57,3,1,FALSE,FALSE,TRUE,18,14.2,0,17.5,33,0
2024/10/8,Tuesday,13:48:00,108,4,1,FALSE,FALSE,TRUE,18.2,15,0,14.7,37,0
2024/10/8,Tuesday,14:18:00,138,5,1,FALSE,FALSE,TRUE,18.6,14.7,0,14.7,33,0
2024/10/8,Tuesday,14:32:00,152,6,1,FALSE,FALSE,TRUE,18.6,14.7,0,14.7,33,0
2024/10/8,Tuesday,15:43:00,223,7,1,FALSE,FALSE,TRUE,18.8,14.2,0,14.9,25,0
2024/10/8,Tuesday,15:50:00,230,8,1,FALSE,FALSE,TRUE,18.8,14.2,0,14.9,25,0
2024/10/8,Tuesday,16:17:00,257,9,1,FALSE,FALSE,TRUE,17.9,13.8,0,13.8,30,0
2024/10/8,Tuesday,16:26:00,266,10,1,FALSE,FALSE,TRUE,17.9,13.8,0,13.8,30,0
2024/10/9,Wednesday,12:12:00,12,1,2,FALSE,TRUE,FALSE,18.5,14.7,0,15.5,29,2
2024/10/9,Wednesday,12:23:00,23,2,2,FALSE,TRUE,FALSE,18.5,14.7,0,15.5,29,2
2024/10/9,Wednesday,13:32:00,92,3,2,FALSE,TRUE,FALSE,18.1,13.8,0,18,30,26
2024/10/9,Wednesday,14:15:00,135,4,2,FALSE,TRUE,FALSE,18.1,13.8,0,17.2,33,26
2024/10/9,Wednesday,14:37:00,157,5,2,FALSE,TRUE,FALSE,18.1,13.8,0,17.2,33,26
2024/10/9,Wednesday,15:08:00,188,6,2,FALSE,TRUE,FALSE,17.9,13.8,0,14.8,32,100
2024/10/9,Wednesday,15:12:00,192,7,2,FALSE,TRUE,FALSE,17.9,13.8,0,14.8,32,100
2024/10/9,Wednesday,15:45:00,225,8,2,FALSE,TRUE,FALSE,17.9,13.8,0,14.8,32,100
2024/10/9,Wednesday,16:03:00,243,9,2,FALSE,TRUE,FALSE,16.8,12.6,0,14.9,33,22
2024/10/9,Wednesday,16:10:00,250,10,2,FALSE,TRUE,FALSE,16.8,12.6,0,14.9,33,22
2024/10/10,Thursday,12:21:00,21,1,3,FALSE,TRUE,FALSE,14.7,10.3,0,20.8,48,33
2024/10/10,Thursday,12:51:00,51,2,3,FALSE,TRUE,FALSE,14.7,10.3,0,20.8,48,33
2024/10/10,Thursday,13:18:00,78,3,3,FALSE,TRUE,FALSE,15.4,10.8,0,21.6,44,42
2024/10/10,Thursday,13:19:00,79,4,3,FALSE,TRUE,FALSE,15.4,10.8,0,21.6,44,42
2024/10/10,Thursday,13:40:00,100,5,3,FALSE,TRUE,FALSE,15.4,10.8,0,21.6,44,42
2024/10/10,Thursday,13:42:00,102,6,3,FALSE,TRUE,FALSE,15.4,10.8,0,21.6,44,42
2024/10/10,Thursday,14:20:00,140,7,3,FALSE,TRUE,FALSE,15.6,10.8,0,20.8,40,40
2024/10/10,Thursday,15:02:00,182,8,3,FALSE,TRUE,FALSE,15.1,9.7,0,23.2,37,26
2024/10/10,Thursday,16:18:00,258,9,3,FALSE,TRUE,FALSE,14.4,9.5,0,20.6,42,4
2024/10/10,Thursday,16:56:00,296,10,3,FALSE,TRUE,FALSE,14.4,9.5,0,20.6,42,4
2024/10/11,Friday,12:25:00,25,1,4,FALSE,FALSE,TRUE,18.5,15.3,0,17.4,41,1
2024/10/11,Friday,12:38:00,38,2,4,FALSE,FALSE,TRUE,18.5,15.3,0,17.4,41,1
2024/10/11,Friday,13:12:00,72,3,4,FALSE,FALSE,TRUE,19.8,16.3,0,18,38,0
2024/10/11,Friday,13:16:00,76,4,4,FALSE,FALSE,TRUE,19.8,16.3,0,18,38,0
2024/10/11,Friday,13:28:00,88,5,4,FALSE,FALSE,TRUE,19.8,16.3,0,18,38,0
2024/10/11,Friday,14:58:00,178,6,4,FALSE,FALSE,TRUE,20.4,16.3,0,18,33,0
2024/10/11,Friday,15:02:00,182,7,4,FALSE,FALSE,TRUE,20.5,16.3,0,16.7,30,0
2024/10/11,Friday,15:19:00,199,8,4,FALSE,FALSE,TRUE,20.5,16.3,0,16.7,30,0
2024/10/11,Friday,15:24:00,204,9,4,FALSE,FALSE,TRUE,20.5,16.3,0,16.7,30,0
2024/10/11,Friday,15:30:00,210,10,4,FALSE,FALSE,TRUE,20.5,16.3,0,16.7,30,0
2024/10/12,Saturday,12:53:00,53,1,5,FALSE,FALSE,TRUE,22.2,16.2,0,28.3,20,0
2024/10/12,Saturday,14:00:00,120,2,5,FALSE,FALSE,TRUE,22,15.2,0,28,16,0
2024/10/12,Saturday,14:24:00,144,3,5,FALSE,FALSE,TRUE,22,15.2,0,28,16,0
2024/10/12,Saturday,14:41:00,161,4,5,FALSE,FALSE,TRUE,22,15.2,0,28,16,0
2024/10/12,Saturday,15:12:00,192,5,5,FALSE,FALSE,TRUE,21.3,14.7,0,25.8,16,0
2024/10/12,Saturday,15:26:00,206,6,5,FALSE,FALSE,TRUE,21.3,14.7,0,25.8,16,0
2024/10/12,Saturday,15:48:00,228,7,5,FALSE,FALSE,TRUE,21.3,14.7,0,25.8,16,0
2024/10/12,Saturday,15:53:00,233,8,5,FALSE,FALSE,TRUE,21.3,14.7,0,25.8,16,0
2024/10/12,Saturday,16:32:00,272,9,5,FALSE,FALSE,TRUE,20.5,14.3,0,23.2,17,0
2024/10/12,Saturday,16:38:00,278,10,5,FALSE,FALSE,TRUE,20.5,14.3,0,23.2,17,0
2024/10/13,Sunday,13:18:00,78,1,6,TRUE,FALSE,FALSE,9.7,7.3,0,7.6,69,45
2024/10/13,Sunday,13:20:00,80,2,6,TRUE,FALSE,FALSE,9.7,7.3,0,7.6,69,45
2024/10/13,Sunday,13:26:00,86,3,6,TRUE,FALSE,FALSE,9.7,7.3,0,7.6,69,45
2024/10/13,Sunday,13:41:00,101,4,6,TRUE,FALSE,FALSE,9.7,7.3,0,7.6,69,45
2024/10/13,Sunday,13:54:00,114,5,6,TRUE,FALSE,FALSE,9.7,7.3,0,7.6,69,45
2024/10/13,Sunday,14:14:00,134,6,6,TRUE,FALSE,FALSE,9.8,7.7,0,7.1,75,99
2024/10/13,Sunday,14:37:00,157,7,6,TRUE,FALSE,FALSE,9.8,7.7,0,7.1,75,99
2024/10/13,Sunday,14:42:00,162,8,6,TRUE,FALSE,FALSE,9.8,7.7,0,7.1,75,99
2024/10/13,Sunday,16:10:00,250,9,6,TRUE,FALSE,FALSE,9.8,7.3,0.4,12,83,100
2024/10/13,Sunday,16:55:00,295,10,6,TRUE,FALSE,FALSE,9.8,7.3,0.4,12,83,100
2024/10/14,Monday,12:34:00,34,1,0,TRUE,FALSE,FALSE,9.6,7.4,0.3,12.7,95,100
2024/10/14,Monday,13:26:00,86,2,0,TRUE,FALSE,FALSE,9.5,8.2,0,6.3,93,100
2024/10/14,Monday,14:15:00,135,3,0,TRUE,FALSE,FALSE,9.8,8,0,9.9,94,100
2024/10/14,Monday,14:32:00,152,4,0,TRUE,FALSE,FALSE,9.8,8,0,9.9,94,100
2024/10/14,Monday,14:58:00,178,5,0,TRUE,FALSE,FALSE,9.8,8,0,9.9,94,100
2024/10/14,Monday,15:33:00,213,6,0,TRUE,FALSE,FALSE,10.4,9.3,0,6.9,95,100
2024/10/14,Monday,16:06:00,246,7,0,TRUE,FALSE,FALSE,10.7,9.6,0,6.6,93,100
2024/10/14,Monday,16:12:00,252,8,0,TRUE,FALSE,FALSE,10.7,9.6,0,6.6,93,100
2024/10/14,Monday,16:15:00,255,9,0,TRUE,FALSE,FALSE,10.7,9.6,0,6.6,93,100
2024/10/14,Monday,16:33:00,273,10,0,TRUE,FALSE,FALSE,10.7,9.6,0,6.6,93,100
2024/10/15,Tuesday,12:09:00,9,1,1,FALSE,TRUE,FALSE,12.9,8.3,0,18.9,46,45
2024/10/15,Tuesday,12:25:00,25,2,1,FALSE,TRUE,FALSE,12.9,8.3,0,18.9,46,45
2024/10/15,Tuesday,12:37:00,37,3,1,FALSE,TRUE,FALSE,12.9,8.3,0,18.9,46,45
2024/10/15,Tuesday,13:31:00,91,4,1,FALSE,TRUE,FALSE,12.9,8,0,21.3,46,40
2024/10/15,Tuesday,14:24:00,144,5,1,FALSE,TRUE,FALSE,12.7,7.8,0,19.5,43,36
2024/10/15,Tuesday,14:54:00,174,6,1,FALSE,TRUE,FALSE,12.7,7.8,0,19.5,43,36
2024/10/15,Tuesday,15:04:00,184,7,1,FALSE,TRUE,FALSE,12.5,7.4,0,20.2,42,94
2024/10/15,Tuesday,15:18:00,198,8,1,FALSE,TRUE,FALSE,12.5,7.4,0,20.2,42,94
2024/10/15,Tuesday,16:05:00,245,9,1,FALSE,TRUE,FALSE,11.9,6.7,0,19.9,39,4
2024/10/15,Tuesday,16:40:00,280,10,1,FALSE,TRUE,FALSE,11.9,6.7,0,19.9,39,4
2024/10/16,Wednesday,12:44:00,44,1,2,FALSE,TRUE,FALSE,12.4,7,0,23.7,45,46
2024/10/16,Wednesday,13:01:00,61,2,2,FALSE,TRUE,FALSE,13.3,8.2,0,22.4,44,16
2024/10/16,Wednesday,13:26:00,86,3,2,FALSE,TRUE,FALSE,13.3,8.2,0,22.4,44,16
2024/10/16,Wednesday,14:25:00,145,4,2,FALSE,TRUE,FALSE,13.1,7.8,0,22.9,42,6
2024/10/16,Wednesday,14:50:00,170,5,2,FALSE,TRUE,FALSE,13.1,7.8,0,22.9,42,6
2024/10/16,Wednesday,14:53:00,173,6,2,FALSE,TRUE,FALSE,13.1,7.8,0,22.9,42,6
2024/10/16,Wednesday,15:42:00,222,7,2,FALSE,TRUE,FALSE,13.5,9,0,18.1,45,11
2024/10/16,Wednesday,15:54:00,234,8,2,FALSE,TRUE,FALSE,13.5,9,0,18.1,45,11
2024/10/16,Wednesday,15:59:00,239,9,2,FALSE,TRUE,FALSE,13.5,9,0,18.1,45,11
2024/10/16,Wednesday,16:26:00,266,10,2,FALSE,TRUE,FALSE,13.1,8.7,0,16.6,43,20
2024/10/17,Thursday,13:04:00,64,1,3,FALSE,TRUE,FALSE,13.3,10.2,0,8.5,45,99
2024/10/17,Thursday,13:07:00,67,2,3,FALSE,TRUE,FALSE,13.3,10.2,0,8.5,45,99
2024/10/17,Thursday,13:16:00,76,3,3,FALSE,TRUE,FALSE,13.3,10.2,0,8.5,45,99
2024/10/17,Thursday,13:40:00,100,4,3,FALSE,TRUE,FALSE,13.3,10.2,0,8.5,45,99
2024/10/17,Thursday,13:47:00,107,5,3,FALSE,TRUE,FALSE,13.3,10.2,0,8.5,45,99
2024/10/17,Thursday,13:48:00,108,6,3,FALSE,TRUE,FALSE,13.3,10.2,0,8.5,45,99
2024/10/17,Thursday,13:52:00,112,7,3,FALSE,TRUE,FALSE,13.3,10.2,0,8.5,45,99
2024/10/17,Thursday,14:01:00,121,8,3,FALSE,TRUE,FALSE,12.4,10.1,0,7.1,60,99
2024/10/17,Thursday,14:43:00,163,9,3,FALSE,TRUE,FALSE,12.4,10.1,0,7.1,60,99
2024/10/17,Thursday,16:05:00,245,10,3,FALSE,TRUE,FALSE,11.9,9.6,0,5.4,56,100
2024/10/18,Friday,12:00:00,0,1,4,FALSE,FALSE,TRUE,17,12.9,0,15.6,30,0
2024/10/18,Friday,12:04:00,4,2,4,FALSE,FALSE,TRUE,17,12.9,0,15.6,30,0
2024/10/18,Friday,13:28:00,88,3,4,FALSE,FALSE,TRUE,16.9,12.4,0,17.6,31,0
2024/10/18,Friday,13:51:00,111,4,4,FALSE,FALSE,TRUE,16.9,12.4,0,17.6,31,0
2024/10/18,Friday,14:46:00,166,5,4,FALSE,FALSE,TRUE,16.7,12.6,0,14.3,33,3
2024/10/18,Friday,14:47:00,167,6,4,FALSE,FALSE,TRUE,16.7,12.6,0,14.3,33,3
2024/10/18,Friday,15:37:00,217,7,4,FALSE,FALSE,TRUE,15.5,11.6,0,15.6,43,3
2024/10/18,Friday,15:42:00,222,8,4,FALSE,FALSE,TRUE,15.5,11.6,0,15.6,43,3
2024/10/18,Friday,15:51:00,231,9,4,FALSE,FALSE,TRUE,15.5,11.6,0,15.6,43,3
2024/10/18,Friday,16:07:00,247,10,4,FALSE,FALSE,TRUE,14,10.8,0,11.6,49,2
2024/10/19,Saturday,12:24:00,24,1,5,FALSE,FALSE,TRUE,21.6,19,0,6.9,25,0
2024/10/19,Saturday,12:26:00,26,2,5,FALSE,FALSE,TRUE,21.6,19,0,6.9,25,0
2024/10/19,Saturday,12:36:00,36,3,5,FALSE,FALSE,TRUE,21.6,19,0,6.9,25,0
2024/10/19,Saturday,13:37:00,97,4,5,FALSE,FALSE,TRUE,22.2,19.7,0,5,25,0
2024/10/19,Saturday,15:08:00,188,5,5,FALSE,FALSE,TRUE,21,18,0,11,33,0
2024/10/19,Saturday,15:24:00,204,6,5,FALSE,FALSE,TRUE,21,18,0,11,33,0
2024/10/19,Saturday,16:14:00,254,7,5,FALSE,FALSE,TRUE,20.5,17.9,0,6.3,30,0
2024/10/19,Saturday,16:43:00,283,8,5,FALSE,FALSE,TRUE,20.5,17.9,0,6.3,30,0
2024/10/19,Saturday,16:56:00,296,9,5,FALSE,FALSE,TRUE,20.5,17.9,0,6.3,30,0
2024/10/19,Saturday,16:58:00,298,10,5,FALSE,FALSE,TRUE,20.5,17.9,0,6.3,30,0
2024/10/20,Sunday,12:48:00,48,1,6,FALSE,FALSE,FALSE,23,19.5,0,11.3,20,0
2024/10/20,Sunday,12:55:00,55,2,6,FALSE,FALSE,FALSE,23,19.5,0,11.3,20,0
2024/10/20,Sunday,13:05:00,65,3,6,FALSE,FALSE,FALSE,24.4,20.7,0,10.9,18,0
2024/10/20,Sunday,14:21:00,141,4,6,FALSE,FALSE,FALSE,25.1,20.7,0,14.3,17,0
2024/10/20,Sunday,15:07:00,187,5,6,FALSE,FALSE,FALSE,25,20.4,0,13.6,15,2
2024/10/20,Sunday,15:09:00,189,6,6,FALSE,FALSE,FALSE,25,20.4,0,13.6,15,2
2024/10/20,Sunday,15:22:00,202,7,6,FALSE,FALSE,FALSE,25,20.4,0,13.6,15,2
2024/10/20,Sunday,15:51:00,231,8,6,FALSE,FALSE,FALSE,25,20.4,0,13.6,15,2
2024/10/20,Sunday,16:16:00,256,9,6,FALSE,FALSE,FALSE,23.6,19.6,0,8.4,15,0
2024/10/20,Sunday,16:25:00,265,10,6,FALSE,FALSE,FALSE,23.6,19.6,0,8.4,15,0
2024/10/21,Monday,12:43:00,43,1,0,FALSE,TRUE,FALSE,26.9,24.8,0,12.4,30,0
2024/10/21,Monday,13:31:00,91,2,0,FALSE,TRUE,FALSE,28.5,25.4,0,18.2,28,0
2024/10/21,Monday,13:33:00,93,3,0,FALSE,TRUE,FALSE,28.5,25.4,0,18.2,28,0
2024/10/21,Monday,13:45:00,105,4,0,FALSE,TRUE,FALSE,28.5,25.4,0,18.2,28,0
2024/10/21,Monday,14:38:00,158,5,0,FALSE,TRUE,FALSE,28.5,25.8,0,18.4,31,0
2024/10/21,Monday,15:12:00,192,6,0,FALSE,TRUE,FALSE,28.2,25.5,0,19.7,33,1
2024/10/21,Monday,15:24:00,204,7,0,FALSE,TRUE,FALSE,28.2,25.5,0,19.7,33,1
2024/10/21,Monday,16:09:00,249,8,0,FALSE,TRUE,FALSE,26.9,24.5,0,14.8,32,0
2024/10/21,Monday,16:15:00,255,9,0,FALSE,TRUE,FALSE,26.9,24.5,0,14.8,32,0
2024/10/21,Monday,16:23:00,263,10,0,FALSE,TRUE,FALSE,26.9,24.5,0,14.8,32,0
2024/10/22,Tuesday,12:04:00,4,1,1,FALSE,FALSE,TRUE,22.8,20.6,0,14.4,42,0
2024/10/22,Tuesday,12:43:00,43,2,1,FALSE,FALSE,TRUE,22.8,20.6,0,14.4,42,0
2024/10/22,Tuesday,13:08:00,68,3,1,FALSE,FALSE,TRUE,21.7,18.1,0,19.4,39,0
2024/10/22,Tuesday,13:30:00,90,4,1,FALSE,FALSE,TRUE,21.7,18.1,0,19.4,39,0
2024/10/22,Tuesday,13:44:00,104,5,1,FALSE,FALSE,TRUE,21.7,18.1,0,19.4,39,0
2024/10/22,Tuesday,13:47:00,107,6,1,FALSE,FALSE,TRUE,21.7,18.1,0,19.4,39,0
2024/10/22,Tuesday,14:32:00,152,7,1,FALSE,FALSE,TRUE,21.2,18.7,0,14,44,1
2024/10/22,Tuesday,14:37:00,157,8,1,FALSE,FALSE,TRUE,21.2,18.7,0,14,44,1
2024/10/22,Tuesday,15:37:00,217,9,1,FALSE,FALSE,TRUE,19,18,0,10.1,61,0
2024/10/22,Tuesday,16:07:00,247,10,1,FALSE,FALSE,TRUE,17,15.9,0,12.2,72,100
2024/10/23,Wednesday,12:04:00,4,1,2,FALSE,TRUE,FALSE,26.2,22.2,0,21.6,28,0
2024/10/23,Wednesday,13:35:00,95,2,2,FALSE,TRUE,FALSE,26.5,22.9,0,20.8,30,0
2024/10/23,Wednesday,13:39:00,99,3,2,FALSE,TRUE,FALSE,26.5,22.9,0,20.8,30,0
2024/10/23,Wednesday,13:42:00,102,4,2,FALSE,TRUE,FALSE,26.5,22.9,0,20.8,30,0
2024/10/23,Wednesday,14:17:00,137,5,2,FALSE,TRUE,FALSE,26.6,22.7,0,21.5,29,0
2024/10/23,Wednesday,14:36:00,156,6,2,FALSE,TRUE,FALSE,26.6,22.7,0,21.5,29,0
2024/10/23,Wednesday,15:35:00,215,7,2,FALSE,TRUE,FALSE,25.4,22.5,0,22.1,40,1
2024/10/23,Wednesday,16:09:00,249,8,2,FALSE,TRUE,FALSE,24.1,21,0,23.5,44,23
2024/10/23,Wednesday,16:29:00,269,9,2,FALSE,TRUE,FALSE,24.1,21,0,23.5,44,23
2024/10/23,Wednesday,16:41:00,281,10,2,FALSE,TRUE,FALSE,24.1,21,0,23.5,44,23
2024/10/24,Thursday,12:32:00,32,1,3,FALSE,TRUE,FALSE,21.3,18,0,18.3,41,100
2024/10/24,Thursday,13:42:00,102,2,3,FALSE,TRUE,FALSE,21,16.8,0,22.1,37,74
2024/10/24,Thursday,14:00:00,120,3,3,FALSE,TRUE,FALSE,20.3,16.5,0,18.1,37,81
2024/10/24,Thursday,14:47:00,167,4,3,FALSE,TRUE,FALSE,20.3,16.5,0,18.1,37,81
2024/10/24,Thursday,14:53:00,173,5,3,FALSE,TRUE,FALSE,20.3,16.5,0,18.1,37,81
2024/10/24,Thursday,15:00:00,180,6,3,FALSE,TRUE,FALSE,20.3,16.4,0,17.3,34,50
2024/10/24,Thursday,15:27:00,207,7,3,FALSE,TRUE,FALSE,20.3,16.4,0,17.3,34,50
2024/10/24,Thursday,15:54:00,234,8,3,FALSE,TRUE,FALSE,20.3,16.4,0,17.3,34,50
2024/10/24,Thursday,16:00:00,240,9,3,FALSE,TRUE,FALSE,19.4,15.7,0,15.9,36,7
2024/10/24,Thursday,16:23:00,263,10,3,FALSE,TRUE,FALSE,19.4,15.7,0,15.9,36,7
2024/10/25,Friday,12:06:00,6,1,4,FALSE,FALSE,TRUE,15.4,13,0,3.6,37,4
2024/10/25,Friday,12:15:00,15,2,4,FALSE,FALSE,TRUE,15.4,13,0,3.6,37,4
2024/10/25,Friday,12:16:00,16,3,4,FALSE,FALSE,TRUE,15.4,13,0,3.6,37,4
2024/10/25,Friday,13:05:00,65,4,4,FALSE,FALSE,TRUE,15.2,11.9,0,7.9,36,3
2024/10/25,Friday,13:36:00,96,5,4,FALSE,FALSE,TRUE,15.2,11.9,0,7.9,36,3
2024/10/25,Friday,13:44:00,104,6,4,FALSE,FALSE,TRUE,15.2,11.9,0,7.9,36,3
2024/10/25,Friday,14:28:00,148,7,4,FALSE,FALSE,TRUE,15.9,13.4,0,3.1,34,2
2024/10/25,Friday,14:39:00,159,8,4,FALSE,FALSE,TRUE,15.9,13.4,0,3.1,34,2
2024/10/25,Friday,14:55:00,175,9,4,FALSE,FALSE,TRUE,15.9,13.4,0,3.1,34,2
2024/10/25,Friday,16:47:00,287,10,4,FALSE,FALSE,TRUE,11.7,8.8,0,14.4,72,0
2024/10/26,Saturday,12:54:00,54,1,5,FALSE,TRUE,FALSE,19.1,13.3,0,26.7,29,22
2024/10/26,Saturday,13:28:00,88,2,5,FALSE,TRUE,FALSE,18.9,13,0,25.6,27,25
2024/10/26,Saturday,13:49:00,109,3,5,FALSE,TRUE,FALSE,18.9,13,0,25.6,27,25
2024/10/26,Saturday,14:01:00,121,4,5,FALSE,TRUE,FALSE,18.3,12.3,0,24.5,25,36
2024/10/26,Saturday,14:34:00,154,5,5,FALSE,TRUE,FALSE,18.3,12.3,0,24.5,25,36
2024/10/26,Saturday,14:52:00,172,6,5,FALSE,TRUE,FALSE,18.3,12.3,0,24.5,25,36
2024/10/26,Saturday,15:24:00,204,7,5,FALSE,TRUE,FALSE,17.7,11.8,0,22.4,23,99
2024/10/26,Saturday,15:37:00,217,8,5,FALSE,TRUE,FALSE,17.7,11.8,0,22.4,23,99
2024/10/26,Saturday,15:46:00,226,9,5,FALSE,TRUE,FALSE,17.7,11.8,0,22.4,23,99
2024/10/26,Saturday,15:57:00,237,10,5,FALSE,TRUE,FALSE,17.7,11.8,0,22.4,23,99
2024/10/27,Sunday,12:13:00,13,1,6,FALSE,FALSE,FALSE,12.4,6.9,0,17.2,21,0
2024/10/27,Sunday,12:34:00,34,2,6,FALSE,FALSE,FALSE,12.4,6.9,0,17.2,21,0
2024/10/27,Sunday,13:05:00,65,3,6,FALSE,FALSE,FALSE,13,6.7,0,22.2,22,0
2024/10/27,Sunday,13:49:00,109,4,6,FALSE,FALSE,FALSE,13,6.7,0,22.2,22,0
2024/10/27,Sunday,14:10:00,130,5,6,FALSE,FALSE,FALSE,12.9,6.6,0,20.7,18,0
2024/10/27,Sunday,14:26:00,146,6,6,FALSE,FALSE,FALSE,12.9,6.6,0,20.7,18,0
2024/10/27,Sunday,14:36:00,156,7,6,FALSE,FALSE,FALSE,12.9,6.6,0,20.7,18,0
2024/10/27,Sunday,15:25:00,205,8,6,FALSE,FALSE,FALSE,12.5,6.4,0,19.7,20,2
2024/10/27,Sunday,15:43:00,223,9,6,FALSE,FALSE,FALSE,12.5,6.4,0,19.7,20,2
2024/10/27,Sunday,15:54:00,234,10,6,FALSE,FALSE,FALSE,12.5,6.4,0,19.7,20,2
2024/10/28,Monday,12:05:00,5,1,0,FALSE,TRUE,FALSE,9.6,6.3,0,5,42,12
2024/10/28,Monday,12:12:00,12,2,0,FALSE,TRUE,FALSE,9.6,6.3,0,5,42,12
2024/10/28,Monday,12:39:00,39,3,0,FALSE,TRUE,FALSE,9.6,6.3,0,5,42,12
2024/10/28,Monday,13:06:00,66,4,0,FALSE,TRUE,FALSE,10.6,7.1,0,6.5,39,25
2024/10/28,Monday,14:27:00,147,5,0,FALSE,TRUE,FALSE,10.4,7.5,0,2.5,40,9
2024/10/28,Monday,15:28:00,208,6,0,FALSE,TRUE,FALSE,10.4,7.6,0,1.6,38,2
2024/10/28,Monday,15:41:00,221,7,0,FALSE,TRUE,FALSE,10.4,7.6,0,1.6,38,2
2024/10/28,Monday,16:12:00,252,8,0,FALSE,TRUE,FALSE,8.6,5.2,0,6.1,44,99
2024/10/28,Monday,16:17:00,257,9,0,FALSE,TRUE,FALSE,8.6,5.2,0,6.1,44,99
2024/10/28,Monday,16:42:00,282,10,0,FALSE,TRUE,FALSE,8.6,5.2,0,6.1,44,99
2024/10/29,Tuesday,12:28:00,28,1,1,FALSE,FALSE,FALSE,13.3,9.2,0,11.5,34,100
2024/10/29,Tuesday,12:40:00,40,2,1,FALSE,FALSE,FALSE,13.3,9.2,0,11.5,34,100
2024/10/29,Tuesday,13:07:00,67,3,1,FALSE,FALSE,FALSE,13,8.9,0,11.1,34,97
2024/10/29,Tuesday,13:15:00,75,4,1,FALSE,FALSE,FALSE,13,8.9,0,11.1,34,97
2024/10/29,Tuesday,13:17:00,77,5,1,FALSE,FALSE,FALSE,13,8.9,0,11.1,34,97
2024/10/29,Tuesday,13:45:00,105,6,1,FALSE,FALSE,FALSE,13,8.9,0,11.1,34,97
2024/10/29,Tuesday,14:22:00,142,7,1,FALSE,FALSE,FALSE,13.6,9.4,0,13.7,39,98
2024/10/29,Tuesday,14:48:00,168,8,1,FALSE,FALSE,FALSE,13.6,9.4,0,13.7,39,98
2024/10/29,Tuesday,16:17:00,257,9,1,FALSE,FALSE,FALSE,12.3,8,0,14.5,42,100
2024/10/29,Tuesday,16:19:00,259,10,1,FALSE,FALSE,FALSE,12.3,8,0,14.5,42,100
2024/10/30,Wednesday,13:30:00,90,1,2,FALSE,TRUE,FALSE,19.7,19.7,0,8.3,69,23
2024/10/30,Wednesday,13:50:00,110,2,2,FALSE,TRUE,FALSE,19.7,19.7,0,8.3,69,23
2024/10/30,Wednesday,14:24:00,144,3,2,FALSE,TRUE,FALSE,21,20.8,0,9.5,63,7
2024/10/30,Wednesday,14:48:00,168,4,2,FALSE,TRUE,FALSE,21,20.8,0,9.5,63,7
2024/10/30,Wednesday,14:51:00,171,5,2,FALSE,TRUE,FALSE,21,20.8,0,9.5,63,7
2024/10/30,Wednesday,15:45:00,225,6,2,FALSE,TRUE,FALSE,20.8,19.7,0,9.2,52,0
2024/10/30,Wednesday,15:50:00,230,7,2,FALSE,TRUE,FALSE,20.8,19.7,0,9.2,52,0
2024/10/30,Wednesday,16:27:00,267,8,2,FALSE,TRUE,FALSE,19,18.5,0,8.9,66,10
2024/10/30,Wednesday,16:28:00,268,9,2,FALSE,TRUE,FALSE,19,18.5,0,8.9,66,10
2024/10/30,Wednesday,16:54:00,294,10,2,FALSE,TRUE,FALSE,19,18.5,0,8.9,66,10
2024/10/31,Thursday,12:19:00,19,1,3,FALSE,TRUE,FALSE,27.2,25.1,0,15,34,18
2024/10/31,Thursday,12:30:00,30,2,3,FALSE,TRUE,FALSE,27.2,25.1,0,15,34,18
2024/10/31,Thursday,13:14:00,74,3,3,FALSE,TRUE,FALSE,26.4,24.4,0,14.2,36,26
2024/10/31,Thursday,13:21:00,81,4,3,FALSE,TRUE,FALSE,26.4,24.4,0,14.2,36,26
2024/10/31,Thursday,13:34:00,94,5,3,FALSE,TRUE,FALSE,26.4,24.4,0,14.2,36,26
2024/10/31,Thursday,13:44:00,104,6,3,FALSE,TRUE,FALSE,26.4,24.4,0,14.2,36,26
2024/10/31,Thursday,14:30:00,150,7,3,FALSE,TRUE,FALSE,26.5,23.6,0,16.3,31,8
2024/10/31,Thursday,15:20:00,200,8,3,FALSE,TRUE,FALSE,25.7,22.9,0,15.7,32,7
2024/10/31,Thursday,16:31:00,271,9,3,FALSE,TRUE,FALSE,24.6,21.8,0,14,33,74
2024/10/31,Thursday,16:50:00,290,10,3,FALSE,TRUE,FALSE,24.6,21.8,0,14,33,74
2024/11/1,Friday,12:07:00,7,1,4,FALSE,TRUE,FALSE,26,23.2,0,25.4,44,20
2024/11/1,Friday,12:36:00,36,2,4,FALSE,TRUE,FALSE,26,23.2,0,25.4,44,20
2024/11/1,Friday,13:10:00,70,3,4,FALSE,TRUE,FALSE,26.6,22.8,0,25.9,35,10
2024/11/1,Friday,13:42:00,102,4,4,FALSE,TRUE,FALSE,26.6,22.8,0,25.9,35,10
2024/11/1,Friday,14:25:00,145,5,4,FALSE,TRUE,FALSE,26.6,23,0,23.9,34,3
2024/11/1,Friday,14:49:00,169,6,4,FALSE,TRUE,FALSE,26.6,23,0,23.9,34,3
2024/11/1,Friday,15:33:00,213,7,4,FALSE,TRUE,FALSE,26.6,22.4,0,22.9,28,2
2024/11/1,Friday,16:05:00,245,8,4,FALSE,TRUE,FALSE,23.3,18.2,0,27.3,31,0
2024/11/1,Friday,16:37:00,277,9,4,FALSE,TRUE,FALSE,23.3,18.2,0,27.3,31,0
2024/11/1,Friday,16:58:00,298,10,4,FALSE,TRUE,FALSE,23.3,18.2,0,27.3,31,0
2024/11/2,Saturday,12:15:00,15,1,5,TRUE,FALSE,FALSE,13.5,8.8,0,17.8,40,78
2024/11/2,Saturday,12:30:00,30,2,5,TRUE,FALSE,FALSE,13.5,8.8,0,17.8,40,78
2024/11/2,Saturday,13:05:00,65,3,5,TRUE,FALSE,FALSE,12.9,8.3,0,17.2,43,100
2024/11/2,Saturday,13:51:00,111,4,5,TRUE,FALSE,FALSE,12.9,8.3,0,17.2,43,100
2024/11/2,Saturday,14:12:00,132,5,5,TRUE,FALSE,FALSE,12.1,7.8,0,15.7,44,100
2024/11/2,Saturday,14:58:00,178,6,5,TRUE,FALSE,FALSE,12.1,7.8,0,15.7,44,100
2024/11/2,Saturday,15:27:00,207,7,5,TRUE,FALSE,FALSE,12.2,8,0,13.1,40,53
2024/11/2,Saturday,15:59:00,239,8,5,TRUE,FALSE,FALSE,12.2,8,0,13.1,40,53
2024/11/2,Saturday,16:29:00,269,9,5,TRUE,FALSE,FALSE,11,7,0,12.5,44,100
2024/11/2,Saturday,16:50:00,290,10,5,TRUE,FALSE,FALSE,11,7,0,12.5,44,100
2024/11/3,Sunday,12:04:00,4,1,6,FALSE,TRUE,FALSE,9.6,6.4,0,3.6,38,14
2024/11/3,Sunday,12:43:00,43,2,6,FALSE,TRUE,FALSE,9.6,6.4,0,3.6,38,14
2024/11/3,Sunday,13:16:00,76,3,6,FALSE,TRUE,FALSE,10.1,7.3,0,1.9,40,12
2024/11/3,Sunday,13:39:00,99,4,6,FALSE,TRUE,FALSE,10.1,7.3,0,1.9,40,12
2024/11/3,Sunday,14:14:00,134,5,6,FALSE,TRUE,FALSE,10.1,6.9,0,2.4,32,5
2024/11/3,Sunday,14:40:00,160,6,6,FALSE,TRUE,FALSE,10.1,6.9,0,2.4,32,5
2024/11/3,Sunday,15:20:00,200,7,6,FALSE,TRUE,FALSE,9.6,6.7,0,0.5,34,2
2024/11/3,Sunday,15:55:00,235,8,6,FALSE,TRUE,FALSE,9.6,6.7,0,0.5,34,2
2024/11/3,Sunday,16:23:00,263,9,6,FALSE,TRUE,FALSE,8.5,5.4,0,0.7,32,0
2024/11/3,Sunday,16:57:00,297,10,6,FALSE,TRUE,FALSE,8.5,5.4,0,0.7,32,0
2024/11/4,Monday,12:10:00,10,1,0,TRUE,FALSE,FALSE,9.7,6.9,0,3.1,44,100
2024/11/4,Monday,12:22:00,22,2,0,TRUE,FALSE,FALSE,9.7,6.9,0,3.1,44,100
2024/11/4,Monday,12:57:00,57,3,0,TRUE,FALSE,FALSE,9.7,6.9,0,3.1,44,100
2024/11/4,Monday,13:44:00,104,4,0,TRUE,FALSE,FALSE,10.2,7.1,0,7.2,49,100
2024/11/4,Monday,14:09:00,129,5,0,TRUE,FALSE,FALSE,10.7,7.6,0,8.9,56,50
2024/11/4,Monday,14:55:00,175,6,0,TRUE,FALSE,FALSE,10.7,7.6,0,8.9,56,50
2024/11/4,Monday,15:15:00,195,7,0,TRUE,FALSE,FALSE,10.6,7.3,0,10.9,56,23
2024/11/4,Monday,15:49:00,229,8,0,TRUE,FALSE,FALSE,10.6,7.3,0,10.9,56,23
2024/11/4,Monday,16:15:00,255,9,0,TRUE,FALSE,FALSE,9.5,6.7,0,6.9,59,4
2024/11/4,Monday,16:52:00,292,10,0,TRUE,FALSE,FALSE,9.5,6.7,0,6.9,59,4
2024/11/5,Tuesday,12:13:00,13,1,1,FALSE,TRUE,FALSE,22.3,19.8,0,16.5,44,4
2024/11/5,Tuesday,12:33:00,33,2,1,FALSE,TRUE,FALSE,22.3,19.8,0,16.5,44,4
2024/11/5,Tuesday,13:00:00,60,3,1,FALSE,TRUE,FALSE,23.4,21.3,0,16.8,46,3
2024/11/5,Tuesday,13:33:00,93,4,1,FALSE,TRUE,FALSE,23.4,21.3,0,16.8,46,3
2024/11/5,Tuesday,14:05:00,125,5,1,FALSE,TRUE,FALSE,24.1,21.5,0,19.3,42,0
2024/11/5,Tuesday,14:35:00,155,6,1,FALSE,TRUE,FALSE,24.1,21.5,0,19.3,42,0
2024/11/5,Tuesday,15:24:00,204,7,1,FALSE,TRUE,FALSE,23.8,21.5,0,15.6,41,0
2024/11/5,Tuesday,15:58:00,238,8,1,FALSE,TRUE,FALSE,23.8,21.5,0,15.6,41,0
2024/11/5,Tuesday,16:31:00,271,9,1,FALSE,TRUE,FALSE,22.8,20.9,0,13,44,4
2024/11/5,Tuesday,16:55:00,295,10,1,FALSE,TRUE,FALSE,22.8,20.9,0,13,44,4
2024/11/6,Wednesday,12:19:00,19,1,2,FALSE,TRUE,FALSE,26.3,24.7,0,21.9,49,3
2024/11/6,Wednesday,12:46:00,46,2,2,FALSE,TRUE,FALSE,26.3,24.7,0,21.9,49,3
2024/11/6,Wednesday,13:14:00,74,3,2,FALSE,TRUE,FALSE,27.4,25.5,0,21.6,43,4
2024/11/6,Wednesday,13:48:00,108,4,2,FALSE,TRUE,FALSE,27.4,25.5,0,21.6,43,4
2024/11/6,Wednesday,14:19:00,139,5,2,FALSE,TRUE,FALSE,27.5,25.4,0,22.9,43,0
2024/11/6,Wednesday,14:42:00,162,6,2,FALSE,TRUE,FALSE,27.5,25.4,0,22.9,43,0
2024/11/6,Wednesday,15:32:00,212,7,2,FALSE,TRUE,FALSE,27,24.8,0,20.1,40,8
2024/11/6,Wednesday,16:00:00,240,8,2,FALSE,TRUE,FALSE,26,23.8,0,17.1,39,5
2024/11/6,Wednesday,16:24:00,264,9,2,FALSE,TRUE,FALSE,26,23.8,0,17.1,39,5
2024/11/6,Wednesday,16:56:00,296,10,2,FALSE,TRUE,FALSE,26,23.8,0,17.1,39,5
2024/11/7,Thursday,12:05:00,5,1,3,TRUE,FALSE,FALSE,21.9,16.7,0,27.8,34,45
2024/11/7,Thursday,12:41:00,41,2,3,TRUE,FALSE,FALSE,21.9,16.7,0,27.8,34,45
2024/11/7,Thursday,13:08:00,68,3,3,TRUE,FALSE,FALSE,21.3,16,0,26.7,33,9
2024/11/7,Thursday,13:54:00,114,4,3,TRUE,FALSE,FALSE,21.3,16,0,26.7,33,9
2024/11/7,Thursday,14:23:00,143,5,3,TRUE,FALSE,FALSE,20.6,16,0,23.7,36,56
2024/11/7,Thursday,14:48:00,168,6,3,TRUE,FALSE,FALSE,20.6,16,0,23.7,36,56
2024/11/7,Thursday,15:29:00,209,7,3,TRUE,FALSE,FALSE,20.1,15.6,0,20.9,35,96
2024/11/7,Thursday,15:50:00,230,8,3,TRUE,FALSE,FALSE,20.1,15.6,0,20.9,35,96
2024/11/7,Thursday,16:20:00,260,9,3,TRUE,FALSE,FALSE,18.8,14.9,0,16.7,37,6
2024/11/7,Thursday,16:51:00,291,10,3,TRUE,FALSE,FALSE,18.8,14.9,0,16.7,37,6
2024/11/8,Friday,12:09:00,9,1,4,TRUE,FALSE,FALSE,17.4,11.6,0,26.1,33,0
2024/11/8,Friday,12:27:00,27,2,4,TRUE,FALSE,FALSE,17.4,11.6,0,26.1,33,0
2024/11/8,Friday,13:19:00,79,3,4,TRUE,FALSE,FALSE,17.9,11.8,0,27.4,30,2
2024/11/8,Friday,13:42:00,102,4,4,TRUE,FALSE,FALSE,17.9,11.8,0,27.4,30,2
2024/11/8,Friday,14:11:00,131,5,4,TRUE,FALSE,FALSE,17.9,11.9,0,27.3,32,1
2024/11/8,Friday,14:39:00,159,6,4,TRUE,FALSE,FALSE,17.9,11.9,0,27.3,32,1
2024/11/8,Friday,15:07:00,187,7,4,TRUE,FALSE,FALSE,16.9,11.2,0,25.2,33,0
2024/11/8,Friday,15:44:00,224,8,4,TRUE,FALSE,FALSE,16.9,11.2,0,25.2,33,0
2024/11/8,Friday,16:14:00,254,9,4,TRUE,FALSE,FALSE,15.7,9.4,0,27.7,32,0
2024/11/8,Friday,16:46:00,286,10,4,TRUE,FALSE,FALSE,15.7,9.4,0,27.7,32,0
2024/11/9,Saturday,12:00:00,0,1,5,FALSE,TRUE,FALSE,10.1,3.8,0,22.4,28,0
2024/11/9,Saturday,12:25:00,25,2,5,FALSE,TRUE,FALSE,10.1,3.8,0,22.4,28,0
2024/11/9,Saturday,13:02:00,62,3,5,FALSE,TRUE,FALSE,10.7,4.3,0,23.6,27,0
2024/11/9,Saturday,13:36:00,96,4,5,FALSE,TRUE,FALSE,10.7,4.3,0,23.6,27,0
2024/11/9,Saturday,14:10:00,130,5,5,FALSE,TRUE,FALSE,10.9,4.7,0,20.9,24,0
2024/11/9,Saturday,14:57:00,177,6,5,FALSE,TRUE,FALSE,10.9,4.7,0,20.9,24,0
2024/11/9,Saturday,15:23:00,203,7,5,FALSE,TRUE,FALSE,10.7,4.7,0,19.8,25,0
2024/11/9,Saturday,15:45:00,225,8,5,FALSE,TRUE,FALSE,10.7,4.7,0,19.8,25,0
2024/11/9,Saturday,16:18:00,258,9,5,FALSE,TRUE,FALSE,9.2,4,0,13,23,0
2024/11/9,Saturday,16:55:00,295,10,5,FALSE,TRUE,FALSE,9.2,4,0,13,23,0
2024/11/10,Sunday,12:03:00,3,1,6,FALSE,TRUE,FALSE,13.1,7.3,0,19.8,25,0
2024/11/10,Sunday,12:35:00,35,2,6,FALSE,TRUE,FALSE,13.1,7.3,0,19.8,25,0
2024/11/10,Sunday,13:15:00,75,3,6,FALSE,TRUE,FALSE,14,8.5,0,19.1,27,0
2024/11/10,Sunday,13:50:00,110,4,6,FALSE,TRUE,FALSE,14,8.5,0,19.1,27,0
2024/11/10,Sunday,14:16:00,136,5,6,FALSE,TRUE,FALSE,13.8,8.3,0,19.4,28,88
2024/11/10,Sunday,14:54:00,174,6,6,FALSE,TRUE,FALSE,13.8,8.3,0,19.4,28,88
2024/11/10,Sunday,15:31:00,211,7,6,FALSE,TRUE,FALSE,13.9,9,0,16.4,31,16
2024/11/10,Sunday,15:59:00,239,8,6,FALSE,TRUE,FALSE,13.9,9,0,16.4,31,16
2024/11/10,Sunday,16:33:00,273,9,6,FALSE,TRUE,FALSE,13.3,9,0,12.1,32,84
2024/11/10,Sunday,16:49:00,289,10,6,FALSE,TRUE,FALSE,13.3,9,0,12.1,32,84
2024/11/11,Monday,12:14:00,14,1,0,TRUE,FALSE,FALSE,19.4,15.3,0,24.9,48,58
2024/11/11,Monday,12:40:00,40,2,0,TRUE,FALSE,FALSE,19.4,15.3,0,24.9,48,58
2024/11/11,Monday,13:23:00,83,3,0,TRUE,FALSE,FALSE,19.8,15.6,0,24.2,45,33
2024/11/11,Monday,13:37:00,97,4,0,TRUE,FALSE,FALSE,19.8,15.6,0,24.2,45,33
2024/11/11,Monday,14:28:00,148,5,0,TRUE,FALSE,FALSE,20.1,15.6,0,23.5,39,100
2024/11/11,Monday,14:46:00,166,6,0,TRUE,FALSE,FALSE,20.1,15.6,0,23.5,39,100
2024/11/11,Monday,15:13:00,193,7,0,TRUE,FALSE,FALSE,19.6,15,0,22.6,38,0
2024/11/11,Monday,15:56:00,236,8,0,TRUE,FALSE,FALSE,19.6,15,0,22.6,38,0
2024/11/11,Monday,16:17:00,257,9,0,TRUE,FALSE,FALSE,18.2,14.1,0,18.6,40,0
2024/11/11,Monday,16:44:00,284,10,0,TRUE,FALSE,FALSE,18.2,14.1,0,18.6,40,0
2024/11/12,Tuesday,12:10:00,10,1,1,FALSE,TRUE,FALSE,11.1,4.3,0,31.1,43,6
2024/11/12,Tuesday,12:34:00,34,2,1,FALSE,TRUE,FALSE,11.1,4.3,0,31.1,43,6
2024/11/12,Tuesday,13:04:00,64,3,1,FALSE,TRUE,FALSE,10.2,3.2,0,32,44,2
2024/11/12,Tuesday,13:46:00,106,4,1,FALSE,TRUE,FALSE,10.2,3.2,0,32,44,2
2024/11/12,Tuesday,14:06:00,126,5,1,FALSE,TRUE,FALSE,9.3,2.3,0,31.3,45,3
2024/11/12,Tuesday,14:51:00,171,6,1,FALSE,TRUE,FALSE,9.3,2.3,0,31.3,45,3
2024/11/12,Tuesday,15:10:00,190,7,1,FALSE,TRUE,FALSE,8,1.3,0,28.8,46,3
2024/11/12,Tuesday,15:53:00,233,8,1,FALSE,TRUE,FALSE,8,1.3,0,28.8,46,3
2024/11/12,Tuesday,16:26:00,266,9,1,FALSE,TRUE,FALSE,6.6,0.4,0,24,47,0
2024/11/12,Tuesday,16:53:00,293,10,1,FALSE,TRUE,FALSE,6.6,0.4,0,24,47,0
2024/11/13,Wednesday,12:05:00,5,1,2,TRUE,FALSE,FALSE,6.3,1,0,13.8,29,1
2024/11/13,Wednesday,12:15:00,15,2,2,TRUE,FALSE,FALSE,6.3,1,0,13.8,29,1
2024/11/13,Wednesday,13:09:00,69,3,2,TRUE,FALSE,FALSE,7.1,1.8,0,14.1,27,0
2024/11/13,Wednesday,13:29:00,89,4,2,TRUE,FALSE,FALSE,7.1,1.8,0,14.1,27,0
2024/11/13,Wednesday,14:00:00,120,5,2,TRUE,FALSE,FALSE,7.4,2.1,0,13.3,25,0
2024/11/13,Wednesday,14:31:00,151,6,2,TRUE,FALSE,FALSE,7.4,2.1,0,13.3,25,0
2024/11/13,Wednesday,15:22:00,202,7,2,TRUE,FALSE,FALSE,7.4,2,0,13.5,22,0
2024/11/13,Wednesday,15:48:00,228,8,2,TRUE,FALSE,FALSE,7.4,2,0,13.5,22,0
2024/11/13,Wednesday,16:19:00,259,9,2,TRUE,FALSE,FALSE,6.2,0.9,0,12.2,22,0
2024/11/13,Wednesday,16:54:00,294,10,2,TRUE,FALSE,FALSE,6.2,0.9,0,12.2,22,0
2024/11/14,Thursday,12:21:00,21,1,3,FALSE,FALSE,FALSE,6.6,1.3,0,15.5,35,3
2024/11/14,Thursday,12:50:00,50,2,3,FALSE,FALSE,FALSE,6.6,1.3,0,15.5,35,3
2024/11/14,Thursday,13:18:00,78,3,3,FALSE,FALSE,FALSE,7.2,2,0,12.6,26,1
2024/11/14,Thursday,13:43:00,103,4,3,FALSE,FALSE,FALSE,7.2,2,0,12.6,26,1
2024/11/14,Thursday,14:07:00,127,5,3,FALSE,FALSE,FALSE,7.2,2.1,0,11.3,24,1
2024/11/14,Thursday,14:52:00,172,6,3,FALSE,FALSE,FALSE,7.2,2.1,0,11.3,24,1
2024/11/14,Thursday,15:25:00,205,7,3,FALSE,FALSE,FALSE,6.9,1.9,0,10.1,19,0
2024/11/14,Thursday,15:58:00,238,8,3,FALSE,FALSE,FALSE,6.9,1.9,0,10.1,19,0
2024/11/14,Thursday,16:34:00,274,9,3,FALSE,FALSE,FALSE,5.3,0.8,0,5.8,20,0
2024/11/14,Thursday,16:59:00,299,10,3,FALSE,FALSE,FALSE,5.3,0.8,0,5.8,20,0
2024/11/15,Friday,12:11:00,11,1,4,FALSE,TRUE,FALSE,12.6,7.1,0,13.8,14,0
2024/11/15,Friday,12:41:00,41,2,4,FALSE,TRUE,FALSE,12.6,7.1,0,13.8,14,0
2024/11/15,Friday,13:10:00,70,3,4,FALSE,TRUE,FALSE,13.9,8,0,16.7,14,0
2024/11/15,Friday,13:33:00,93,4,4,FALSE,TRUE,FALSE,13.9,8,0,16.7,14,0
2024/11/15,Friday,14:14:00,134,5,4,FALSE,TRUE,FALSE,14.9,8.8,0,17.8,13,0
2024/11/15,Friday,14:45:00,165,6,4,FALSE,TRUE,FALSE,14.9,8.8,0,17.8,13,0
2024/11/15,Friday,15:14:00,194,7,4,FALSE,TRUE,FALSE,14.7,8.6,0,18.7,15,0
2024/11/15,Friday,15:42:00,222,8,4,FALSE,TRUE,FALSE,14.7,8.6,0,18.7,15,0
2024/11/15,Friday,16:11:00,251,9,4,FALSE,TRUE,FALSE,12.7,6.8,0,17.4,17,0
2024/11/15,Friday,16:56:00,296,10,4,FALSE,TRUE,FALSE,12.7,6.8,0,17.4,17,0
2024/11/16,Saturday,12:06:00,6,1,5,FALSE,FALSE,FALSE,14.8,9.4,0,20,30,3
2024/11/16,Saturday,12:26:00,26,2,5,FALSE,FALSE,FALSE,14.8,9.4,0,20,30,3
2024/11/16,Saturday,13:05:00,65,3,5,FALSE,FALSE,FALSE,15.5,10.2,0,20.9,32,3
2024/11/16,Saturday,13:48:00,108,4,5,FALSE,FALSE,FALSE,15.5,10.2,0,20.9,32,3
2024/11/16,Saturday,14:13:00,133,5,5,FALSE,FALSE,FALSE,15.7,10.1,0,22.4,31,0
2024/11/16,Saturday,14:37:00,157,6,5,FALSE,FALSE,FALSE,15.7,10.1,0,22.4,31,0
2024/11/16,Saturday,15:05:00,185,7,5,FALSE,FALSE,FALSE,15.1,9.3,0,23.4,32,0
2024/11/16,Saturday,15:47:00,227,8,5,FALSE,FALSE,FALSE,15.1,9.3,0,23.4,32,0
2024/11/16,Saturday,16:25:00,265,9,5,FALSE,FALSE,FALSE,14.1,9.1,0,17.2,30,0
2024/11/16,Saturday,16:58:00,298,10,5,FALSE,FALSE,FALSE,14.1,9.1,0,17.2,30,0
2024/11/17,Sunday,12:09:00,9,1,6,TRUE,FALSE,FALSE,15.3,9.6,0,19.5,22,0
2024/11/17,Sunday,12:44:00,44,2,6,TRUE,FALSE,FALSE,15.3,9.6,0,19.5,22,0
2024/11/17,Sunday,13:22:00,82,3,6,TRUE,FALSE,FALSE,16.3,10.7,0,18.6,21,0
2024/11/17,Sunday,13:39:00,99,4,6,TRUE,FALSE,FALSE,16.3,10.7,0,18.6,21,0
2024/11/17,Sunday,14:20:00,140,5,6,TRUE,FALSE,FALSE,16.7,10.9,0,19.8,19,0
2024/11/17,Sunday,14:46:00,166,6,6,TRUE,FALSE,FALSE,16.7,10.9,0,19.8,19,0
2024/11/17,Sunday,15:21:00,201,7,6,TRUE,FALSE,FALSE,16.7,11.2,0,17.6,19,0
2024/11/17,Sunday,15:55:00,235,8,6,TRUE,FALSE,FALSE,16.7,11.2,0,17.6,19,0
2024/11/17,Sunday,16:27:00,267,9,6,TRUE,FALSE,FALSE,14.8,9.7,0,13,17,0
2024/11/17,Sunday,16:57:00,297,10,6,TRUE,FALSE,FALSE,14.8,9.7,0,13,17,0
2024/11/18,Monday,12:17:00,17,1,0,FALSE,FALSE,FALSE,16.2,11.1,0,18.6,29,31
2024/11/18,Monday,12:29:00,29,2,0,FALSE,FALSE,FALSE,16.2,11.1,0,18.6,29,31
2024/11/18,Monday,13:11:00,71,3,0,FALSE,FALSE,FALSE,16.5,11.7,0,19.8,36,4
2024/11/18,Monday,13:56:00,116,4,0,FALSE,FALSE,FALSE,16.5,11.7,0,19.8,36,4
2024/11/18,Monday,14:21:00,141,5,0,FALSE,FALSE,FALSE,16.2,11.6,0,19.9,40,3
2024/11/18,Monday,14:59:00,179,6,0,FALSE,FALSE,FALSE,16.2,11.6,0,19.9,40,3
2024/11/18,Monday,15:37:00,217,7,0,FALSE,FALSE,FALSE,16.1,11,0,22.4,37,0
2024/11/18,Monday,16:02:00,242,8,0,FALSE,FALSE,FALSE,14.8,9.8,0,19.7,35,0
2024/11/18,Monday,16:38:00,278,9,0,FALSE,FALSE,FALSE,14.8,9.8,0,19.7,35,0
2024/11/18,Monday,16:54:00,294,10,0,FALSE,FALSE,FALSE,14.8,9.8,0,19.7,35,0
2024/11/19,Tuesday,12:04:00,4,1,1,TRUE,FALSE,FALSE,13.5,8.3,0,21.5,41,2
2024/11/19,Tuesday,12:42:00,42,2,1,TRUE,FALSE,FALSE,13.5,8.3,0,21.5,41,2
2024/11/19,Tuesday,13:07:00,67,3,1,TRUE,FALSE,FALSE,14,8.9,0,20.1,37,0
2024/11/19,Tuesday,13:51:00,111,4,1,TRUE,FALSE,FALSE,14,8.9,0,20.1,37,0
2024/11/19,Tuesday,14:24:00,144,5,1,TRUE,FALSE,FALSE,13.8,9,0,18.9,41,1
2024/11/19,Tuesday,14:56:00,176,6,1,TRUE,FALSE,FALSE,13.8,9,0,18.9,41,1
2024/11/19,Tuesday,15:28:00,208,7,1,TRUE,FALSE,FALSE,13.5,8.8,0,17.4,38,0
2024/11/19,Tuesday,15:46:00,226,8,1,TRUE,FALSE,FALSE,13.5,8.8,0,17.4,38,0
2024/11/19,Tuesday,16:16:00,256,9,1,TRUE,FALSE,FALSE,12.1,7.5,0,14.6,36,0
2024/11/19,Tuesday,16:45:00,285,10,1,TRUE,FALSE,FALSE,12.1,7.5,0,14.6,36,0
2024/11/20,Wednesday,12:02:00,2,1,2,FALSE,TRUE,FALSE,11.9,9.3,0,9.2,62,44
2024/11/20,Wednesday,12:30:00,30,2,2,FALSE,TRUE,FALSE,11.9,9.3,0,9.2,62,44
2024/11/20,Wednesday,13:17:00,77,3,2,FALSE,TRUE,FALSE,11.4,8.4,0,12,65,19
2024/11/20,Wednesday,13:35:00,95,4,2,FALSE,TRUE,FALSE,11.4,8.4,0,12,65,19
2024/11/20,Wednesday,14:12:00,132,5,2,FALSE,TRUE,FALSE,10.6,8,0,10.4,71,8
2024/11/20,Wednesday,14:43:00,163,6,2,FALSE,TRUE,FALSE,10.6,8,0,10.4,71,8
2024/11/20,Wednesday,15:03:00,183,7,2,FALSE,TRUE,FALSE,9.7,6.9,0,11,73,11
2024/11/20,Wednesday,15:34:00,214,8,2,FALSE,TRUE,FALSE,9.7,6.9,0,11,73,11
2024/11/20,Wednesday,16:09:00,249,9,2,FALSE,TRUE,FALSE,8.1,5.8,0,7.2,80,4
2024/11/20,Wednesday,16:52:00,292,10,2,FALSE,TRUE,FALSE,8.1,5.8,0,7.2,80,4
2024/11/21,Thursday,12:08:00,8,1,3,FALSE,FALSE,FALSE,7.2,2.8,0,24.6,96,100
2024/11/21,Thursday,12:37:00,37,2,3,FALSE,FALSE,FALSE,7.2,2.8,0,24.6,96,100
2024/11/21,Thursday,13:04:00,64,3,3,FALSE,FALSE,FALSE,7.6,3.4,0.1,22,90,100
2024/11/21,Thursday,13:25:00,85,4,3,FALSE,FALSE,FALSE,7.6,3.4,0.1,22,90,100
2024/11/21,Thursday,14:19:00,139,5,3,FALSE,FALSE,FALSE,7.5,3.3,0,22.6,94,100
2024/11/21,Thursday,14:41:00,161,6,3,FALSE,FALSE,FALSE,7.5,3.3,0,22.6,94,100
2024/11/21,Thursday,15:16:00,196,7,3,FALSE,FALSE,FALSE,7.5,2.8,1.4,26,93,100
2024/11/21,Thursday,15:52:00,232,8,3,FALSE,FALSE,FALSE,7.5,2.8,1.4,26,93,100
2024/11/21,Thursday,16:15:00,255,9,3,FALSE,FALSE,FALSE,7.7,2.9,1.3,26.8,91,100
2024/11/21,Thursday,16:48:00,288,10,3,FALSE,FALSE,FALSE,7.7,2.9,1.3,26.8,91,100
2024/11/22,Friday,12:15:00,15,1,4,FALSE,TRUE,FALSE,10.5,6.6,0,15.9,59,16
2024/11/22,Friday,12:55:00,55,2,4,FALSE,TRUE,FALSE,10.5,6.6,0,15.9,59,16
2024/11/22,Friday,13:20:00,80,3,4,FALSE,TRUE,FALSE,10.9,7.1,0,15.2,57,1
2024/11/22,Friday,13:48:00,108,4,4,FALSE,TRUE,FALSE,10.9,7.1,0,15.2,57,1
2024/11/22,Friday,14:09:00,129,5,4,FALSE,TRUE,FALSE,11.1,7.9,0,10.2,56,83
2024/11/22,Friday,14:28:00,148,6,4,FALSE,TRUE,FALSE,11.1,7.9,0,10.2,56,83
2024/11/22,Friday,15:19:00,199,7,4,FALSE,TRUE,FALSE,9.9,6.5,0,10.7,55,100
2024/11/22,Friday,15:54:00,234,8,4,FALSE,TRUE,FALSE,9.9,6.5,0,10.7,55,100
2024/11/22,Friday,16:35:00,275,9,4,FALSE,TRUE,FALSE,9.5,5,0,12.2,37,16
2024/11/22,Friday,16:57:00,297,10,4,FALSE,TRUE,FALSE,9.5,5,0,12.2,37,16
2024/11/23,Saturday,12:06:00,6,1,5,TRUE,FALSE,FALSE,6.5,1.9,0,22,85,100
2024/11/23,Saturday,12:33:00,33,2,5,TRUE,FALSE,FALSE,6.5,1.9,0,22,85,100
2024/11/23,Saturday,13:16:00,76,3,5,TRUE,FALSE,FALSE,6,1.2,0,22,81,80
2024/11/23,Saturday,13:38:00,98,4,5,TRUE,FALSE,FALSE,6,1.2,0,22,81,80
2024/11/23,Saturday,14:14:00,134,5,5,TRUE,FALSE,FALSE,6.8,2.2,0,20.3,77,99
2024/11/23,Saturday,14:44:00,164,6,5,TRUE,FALSE,FALSE,6.8,2.2,0,20.3,77,99
2024/11/23,Saturday,15:33:00,213,7,5,TRUE,FALSE,FALSE,6.5,1.1,0,24.4,73,100
2024/11/23,Saturday,15:59:00,239,8,5,TRUE,FALSE,FALSE,6.5,1.1,0,24.4,73,100
2024/11/23,Saturday,16:22:00,262,9,5,TRUE,FALSE,FALSE,6.5,1.1,0,24.1,70,91
2024/11/23,Saturday,16:51:00,291,10,5,TRUE,FALSE,FALSE,6.5,1.1,0,24.1,70,91
2024/11/24,Sunday,12:13:00,13,1,6,FALSE,FALSE,FALSE,8.8,2.4,0,26.3,43,1
2024/11/24,Sunday,12:23:00,23,2,6,FALSE,FALSE,FALSE,8.8,2.4,0,26.3,43,1
2024/11/24,Sunday,13:14:00,74,3,6,FALSE,FALSE,FALSE,8.9,2.2,0,28.4,41,0
2024/11/24,Sunday,13:29:00,89,4,6,FALSE,FALSE,FALSE,8.9,2.2,0,28.4,41,0
2024/11/24,Sunday,14:25:00,145,5,6,FALSE,FALSE,FALSE,9.4,2,0,31.7,36,2
2024/11/24,Sunday,14:53:00,173,6,6,FALSE,FALSE,FALSE,9.4,2,0,31.7,36,2
2024/11/24,Sunday,15:20:00,200,7,6,FALSE,FALSE,FALSE,8.6,1.8,0,27.9,37,3
2024/11/24,Sunday,15:58:00,238,8,6,FALSE,FALSE,FALSE,8.6,1.8,0,27.9,37,3
2024/11/24,Sunday,16:31:00,271,9,6,FALSE,FALSE,FALSE,7.9,1.6,0,23.1,33,0
2024/11/24,Sunday,16:59:00,299,10,6,FALSE,FALSE,FALSE,7.9,1.6,0,23.1,33,0
2024/11/25,Monday,12:05:00,5,1,0,FALSE,TRUE,FALSE,9.1,3.4,0,21.1,40,2
2024/11/25,Monday,12:46:00,46,2,0,FALSE,TRUE,FALSE,9.1,3.4,0,21.1,40,2
2024/11/25,Monday,13:12:00,72,3,0,FALSE,TRUE,FALSE,10.2,4.8,0,19.9,40,6
2024/11/25,Monday,13:44:00,104,4,0,FALSE,TRUE,FALSE,10.2,4.8,0,19.9,40,6
2024/11/25,Monday,14:27:00,147,5,0,FALSE,TRUE,FALSE,10.6,5.5,0,17.5,39,3
2024/11/25,Monday,14:55:00,175,6,0,FALSE,TRUE,FALSE,10.6,5.5,0,17.5,39,3
2024/11/25,Monday,15:39:00,219,7,0,FALSE,TRUE,FALSE,10.5,5.6,0,17.1,40,0
2024/11/25,Monday,16:04:00,244,8,0,FALSE,TRUE,FALSE,9.1,4.9,0,10.6,39,0
2024/11/25,Monday,16:29:00,269,9,0,FALSE,TRUE,FALSE,9.1,4.9,0,10.6,39,0
2024/11/25,Monday,16:56:00,296,10,0,FALSE,TRUE,FALSE,9.1,4.9,0,10.6,39,0
2024/11/26,Tuesday,12:10:00,10,1,1,FALSE,FALSE,TRUE,6.2,4.3,1.2,4.1,87,100
2024/11/26,Tuesday,12:38:00,38,2,1,FALSE,FALSE,TRUE,6.2,4.3,1.2,4.1,87,100
2024/11/26,Tuesday,13:00:00,60,3,1,FALSE,FALSE,TRUE,6.2,3.5,1.1,9.7,91,100
2024/11/26,Tuesday,13:34:00,94,4,1,FALSE,FALSE,TRUE,6.2,3.5,1.1,9.7,91,100
2024/11/26,Tuesday,14:05:00,125,5,1,FALSE,FALSE,TRUE,6.6,5.1,1.3,3.6,94,100
2024/11/26,Tuesday,14:35:00,155,6,1,FALSE,FALSE,TRUE,6.6,5.1,1.3,3.6,94,100
2024/11/26,Tuesday,15:27:00,207,7,1,FALSE,FALSE,TRUE,6.8,4.5,0.5,8.3,93,100
2024/11/26,Tuesday,15:50:00,230,8,1,FALSE,FALSE,TRUE,6.8,4.5,0.5,8.3,93,100
2024/11/26,Tuesday,16:36:00,276,9,1,FALSE,FALSE,TRUE,5.1,0.9,0.3,18.7,92,100
2024/11/26,Tuesday,16:57:00,297,10,1,FALSE,FALSE,TRUE,5.1,0.9,0.3,18.7,92,100
2024/11/27,Wednesday,12:19:00,19,1,2,TRUE,FALSE,FALSE,9.2,4.1,0,19.5,49,3
2024/11/27,Wednesday,12:48:00,48,2,2,TRUE,FALSE,FALSE,9.2,4.1,0,19.5,49,3
2024/11/27,Wednesday,13:08:00,68,3,2,TRUE,FALSE,FALSE,9.2,4.3,0,17.6,46,3
2024/11/27,Wednesday,13:58:00,118,4,2,TRUE,FALSE,FALSE,9.2,4.3,0,17.6,46,3
2024/11/27,Wednesday,14:24:00,144,5,2,TRUE,FALSE,FALSE,9.4,4.5,0,16.9,44,1
2024/11/27,Wednesday,14:39:00,159,6,2,TRUE,FALSE,FALSE,9.4,4.5,0,16.9,44,1
2024/11/27,Wednesday,15:32:00,212,7,2,TRUE,FALSE,FALSE,9.1,4.1,0,16.9,42,0
2024/11/27,Wednesday,15:58:00,238,8,2,TRUE,FALSE,FALSE,9.1,4.1,0,16.9,42,0
2024/11/27,Wednesday,16:20:00,260,9,2,TRUE,FALSE,FALSE,7.6,3.3,0,9.9,38,3
2024/11/27,Wednesday,16:43:00,283,10,2,TRUE,FALSE,FALSE,7.6,3.3,0,9.9,38,3
2024/11/28,Thursday,12:00:00,0,1,3,FALSE,TRUE,FALSE,7,3.5,0.7,16.3,88,100
2024/11/28,Thursday,12:17:00,17,2,3,FALSE,TRUE,FALSE,7,3.5,0.7,16.3,88,100
2024/11/28,Thursday,13:07:00,67,3,3,FALSE,TRUE,FALSE,7,3.5,3.4,17.3,92,100
2024/11/28,Thursday,13:41:00,101,4,3,FALSE,TRUE,FALSE,7,3.5,3.4,17.3,92,100
2024/11/28,Thursday,14:30:00,150,5,3,FALSE,TRUE,FALSE,7.4,3.9,2.8,17.5,92,100
2024/11/28,Thursday,14:49:00,169,6,3,FALSE,TRUE,FALSE,7.4,3.9,2.8,17.5,92,100
2024/11/28,Thursday,15:14:00,194,7,3,FALSE,TRUE,FALSE,7.8,4.1,2.6,18.8,90,100
2024/11/28,Thursday,15:53:00,233,8,3,FALSE,TRUE,FALSE,7.8,4.1,2.6,18.8,90,100
2024/11/28,Thursday,16:28:00,268,9,3,FALSE,TRUE,FALSE,8.1,4.9,1.3,17.3,94,100
2024/11/28,Thursday,16:54:00,294,10,3,FALSE,TRUE,FALSE,8.1,4.9,1.3,17.3,94,100
2024/11/29,Friday,12:07:00,7,1,4,FALSE,FALSE,FALSE,6.8,2,0,17.5,56,20
2024/11/29,Friday,12:34:00,34,2,4,FALSE,FALSE,FALSE,6.8,2,0,17.5,56,20
2024/11/29,Friday,13:25:00,85,3,4,FALSE,FALSE,FALSE,6.6,1.3,0,17.9,46,8
2024/11/29,Friday,13:53:00,113,4,4,FALSE,FALSE,FALSE,6.6,1.3,0,17.9,46,8
2024/11/29,Friday,14:11:00,131,5,4,FALSE,FALSE,FALSE,6.8,1.5,0,18,45,0
2024/11/29,Friday,14:33:00,153,6,4,FALSE,FALSE,FALSE,6.8,1.5,0,18,45,0
2024/11/29,Friday,15:00:00,180,7,4,FALSE,FALSE,FALSE,6.5,1,0,17.3,39,0
2024/11/29,Friday,15:51:00,231,8,4,FALSE,FALSE,FALSE,6.5,1,0,17.3,39,0
2024/11/29,Friday,16:10:00,250,9,4,FALSE,FALSE,FALSE,5.2,1,0,6.5,33,3
2024/11/29,Friday,16:46:00,286,10,4,FALSE,FALSE,FALSE,5.2,1,0,6.5,33,3
2024/11/30,Saturday,12:14:00,14,1,5,FALSE,FALSE,TRUE,4.3,-0.8,0,14.2,44,0
2024/11/30,Saturday,12:28:00,28,2,5,FALSE,FALSE,TRUE,4.3,-0.8,0,14.2,44,0
2024/11/30,Saturday,13:19:00,79,3,5,FALSE,FALSE,TRUE,4.7,-0.1,0,12.3,43,3
2024/11/30,Saturday,13:47:00,107,4,5,FALSE,FALSE,TRUE,4.7,-0.1,0,12.3,43,3
2024/11/30,Saturday,14:09:00,129,5,5,FALSE,FALSE,TRUE,5,-0.1,0,14.5,41,7
2024/11/30,Saturday,14:39:00,159,6,5,FALSE,FALSE,TRUE,5,-0.1,0,14.5,41,7
2024/11/30,Saturday,15:10:00,190,7,5,FALSE,FALSE,TRUE,4.4,-1,0,15.8,39,9
2024/11/30,Saturday,15:45:00,225,8,5,FALSE,FALSE,TRUE,4.4,-1,0,15.8,39,9
2024/11/30,Saturday,16:14:00,254,9,5,FALSE,FALSE,TRUE,3.3,-2,0,13.6,34,100
2024/11/30,Saturday,16:55:00,295,10,5,FALSE,FALSE,TRUE,3.3,-2,0,13.6,34,100
